Id;Genre;Probabilities
65MbwhX4Nb0;Comedy; {'22': 0.4, '23': 0.6}
p-L0WIQsi5o;People & Blogs; {'22': 0.8999999999999999, '24': 0.1}
Q3tSVS4CeW4;Comedy; {'23': 0.8999999999999999, '24': 0.1}
4T8B-m1uNS4;People & Blogs; {'23': 0.7, '22': 0.30000000000000004}
q5jnslfwazg;People & Blogs; {'22': 0.8999999999999999, '23': 0.1}
hIyqLdKBAlc;People & Blogs; {'22': 0.9999999999999999}
fkrE5J1qZ-0;Comedy; {'23': 0.7, '20': 0.30000000000000004}
kbLxFezgYIc;Comedy; {'22': 0.4, '23': 0.6}
57AlU040Yyg;Gaming; {'20': 0.9999999999999999}
X1oHnA_Slto;People & Blogs; {'22': 0.7, '23': 0.30000000000000004}
VoZgZuO4Q6Y;Gaming; {'20': 0.9999999999999999}
yvZP3YQNuRo;Comedy; {'23': 0.8, '22': 0.55, '20': 0.15000000000000002}
zwZY-PknSQw;People & Blogs; {'22': 0.9999999999999999}
