Id;Genre;Probabilities
2BjDCquIKmE;Gaming; {'20': 0.9999999999999999}
Qr3ZQc5JuB0;Gaming; {'20': 0.9999999999999999}
O9dTmzRAL_4;Gaming; {'20': 0.9999999999999999}
fKQV-ashVrM;Gaming; {'20': 0.9999999999999999}
0yQLiSDpEPc;Gaming; {'20': 0.9999999999999999}
eQPHkccOsiI;Gaming; {'20': 0.9999999999999999}
HhH-UsSz69M;Gaming; {'20': 0.9999999999999999}
cTG-Yvdsgww;Gaming; {'20': 0.8999999999999999, '24': 0.1}
7GhOJkQEtjw;Gaming; {'20': 0.9999999999999999}
0XEgzhVPs0U;Gaming; {'20': 0.9999999999999999}
QKsRNoLyXO8;Gaming; {'20': 0.9999999999999999}
